state1	state2
Alabama	Alabama
Alabama	Florida
Alabama	Georgia
Alabama	Mississippi
Alabama	Tennessee
Alaska	Alaska
Arizona	Arizona
Arizona	Colorado
Arizona	New Mexico
Arizona	Utah
Arizona	California
Arizona	Nevada
Arkansas	Arkansas
Arkansas	Louisiana
Arkansas	Missouri
Arkansas	Oklahoma
Arkansas	Mississippi
Arkansas	Tennessee
Arkansas	Texas
California	California
California	Nevada
California	Oregon
California	Arizona
Colorado	Colorado
Colorado	New Mexico
Colorado	Kansas
Colorado	Oklahoma
Colorado	Utah
Colorado	Wyoming
Colorado	Nebraska
Colorado	Arizona
Connecticut	Connecticut
Connecticut	New York
Connecticut	Massachusetts
Connecticut	Rhode Island
Delaware	Delaware
Delaware	Maryland
Delaware	New Jersey
Delaware	Pennsylvania
Florida	Florida
Florida	Georgia
Florida	Alabama
Georgia	Georgia
Georgia	Florida
Georgia	South Carolina
Georgia	Alabama
Georgia	Tennessee
Georgia	North Carolina
Hawaii	Hawaii
Idaho	Idaho
Idaho	Oregon
Idaho	Utah
Idaho	Wyoming
Idaho	Washington
Idaho	Montana
Idaho	Nevada
Illinois	Illinois
Illinois	Missouri
Illinois	Kentucky
Illinois	Wisconsin
Illinois	Iowa
Illinois	Indiana
Illinois	Michigan
Indiana	Indiana
Indiana	Ohio
Indiana	Illinois
Indiana	Kentucky
Indiana	Michigan
Iowa	Iowa
Iowa	Minnesota
Iowa	Wisconsin
Iowa	Missouri
Iowa	Illinois
Iowa	Nebraska
Iowa	South Dakota
Kansas	Kansas
Kansas	Missouri
Kansas	Oklahoma
Kansas	Nebraska
Kansas	Colorado
Kentucky	Kentucky
Kentucky	Tennessee
Kentucky	Illinois
Kentucky	Missouri
Kentucky	Virginia
Kentucky	Indiana
Kentucky	Ohio
Kentucky	West Virginia
Louisiana	Louisiana
Louisiana	Texas
Louisiana	Arkansas
Louisiana	Mississippi
Maine	Maine
Maine	New Hampshire
Maryland	Maryland
Maryland	Pennsylvania
Maryland	West Virginia
Maryland	Delaware
Maryland	Virginia
Massachusetts	Massachusetts
Massachusetts	Connecticut
Massachusetts	New York
Massachusetts	Vermont
Massachusetts	Rhode Island
Massachusetts	New Hampshire
Michigan	Michigan
Michigan	Illinois
Michigan	Wisconsin
Michigan	Indiana
Michigan	Ohio
Michigan	Minnesota
Minnesota	Minnesota
Minnesota	South Dakota
Minnesota	Wisconsin
Minnesota	North Dakota
Minnesota	Michigan
Minnesota	Iowa
Mississippi	Louisiana
Mississippi	Mississippi
Mississippi	Tennessee
Mississippi	Arkansas
Mississippi	Alabama
Missouri	Missouri
Missouri	Kansas
Missouri	Iowa
Missouri	Nebraska
Missouri	Arkansas
Missouri	Illinois
Missouri	Oklahoma
Missouri	Kentucky
Missouri	Tennessee
Montana	Idaho
Montana	Montana
Montana	Wyoming
Montana	South Dakota
Montana	North Dakota
Nebraska	Nebraska
Nebraska	Wyoming
Nebraska	South Dakota
Nebraska	Iowa
Nebraska	Colorado
Nebraska	Kansas
Nebraska	Missouri
Nevada	Nevada
Nevada	Arizona
Nevada	California
Nevada	Idaho
Nevada	Utah
Nevada	Oregon
New Hampshire	New Hampshire
New Hampshire	Maine
New Hampshire	Massachusetts
New Hampshire	Vermont
New Jersey	New Jersey
New Jersey	New York
New Jersey	Pennsylvania
New Jersey	Delaware
New Mexico	New Mexico
New Mexico	Arizona
New Mexico	Colorado
New Mexico	Texas
New Mexico	Utah
New Mexico	Oklahoma
New York	New York
New York	Pennsylvania
New York	New Jersey
New York	Vermont
New York	Massachusetts
New York	Connecticut
New York	Rhode Island
North Carolina	North Carolina
North Carolina	Virginia
North Carolina	South Carolina
North Carolina	Tennessee
North Carolina	Georgia
North Dakota	North Dakota
North Dakota	South Dakota
North Dakota	Montana
North Dakota	Minnesota
Ohio	Kentucky
Ohio	Ohio
Ohio	Pennsylvania
Ohio	West Virginia
Ohio	Indiana
Ohio	Michigan
Oklahoma	Arkansas
Oklahoma	Oklahoma
Oklahoma	Kansas
Oklahoma	Texas
Oklahoma	Colorado
Oklahoma	New Mexico
Oklahoma	Missouri
Oregon	Idaho
Oregon	Oregon
Oregon	Washington
Oregon	California
Oregon	Nevada
Pennsylvania	Maryland
Pennsylvania	Pennsylvania
Pennsylvania	Ohio
Pennsylvania	West Virginia
Pennsylvania	New York
Pennsylvania	New Jersey
Pennsylvania	Delaware
Rhode Island	Massachusetts
Rhode Island	Rhode Island
Rhode Island	Connecticut
Rhode Island	New York
South Carolina	Georgia
South Carolina	South Carolina
South Carolina	North Carolina
South Dakota	South Dakota
South Dakota	Nebraska
South Dakota	Minnesota
South Dakota	North Dakota
South Dakota	Montana
South Dakota	Wyoming
South Dakota	Iowa
Tennessee	Tennessee
Tennessee	North Carolina
Tennessee	Georgia
Tennessee	Kentucky
Tennessee	Virginia
Tennessee	Arkansas
Tennessee	Missouri
Tennessee	Mississippi
Tennessee	Alabama
Texas	Texas
Texas	New Mexico
Texas	Arkansas
Texas	Oklahoma
Texas	Louisiana
Utah	Nevada
Utah	Utah
Utah	Idaho
Utah	Colorado
Utah	Wyoming
Utah	Arizona
Utah	New Mexico
Vermont	New York
Vermont	Vermont
Vermont	Massachusetts
Vermont	New Hampshire
Virginia	Maryland
Virginia	Virginia
Virginia	West Virginia
Virginia	North Carolina
Virginia	Kentucky
Virginia	Tennessee
Washington	Washington
Washington	Idaho
Washington	Oregon
West Virginia	West Virginia
West Virginia	Maryland
West Virginia	Virginia
West Virginia	Ohio
West Virginia	Pennsylvania
West Virginia	Kentucky
Wisconsin	Wisconsin
Wisconsin	Michigan
Wisconsin	Minnesota
Wisconsin	Iowa
Wisconsin	Illinois
Wyoming	Colorado
Wyoming	Wyoming
Wyoming	Montana
Wyoming	South Dakota
Wyoming	Nebraska
Wyoming	Idaho
Wyoming	Utah
